2021-11-20 14:31:48,231|Key.shift|press
2021-11-20 14:31:48,412|'P'|press
2021-11-20 14:31:48,504|'P'|release
2021-11-20 14:31:48,534|Key.shift|release
2021-11-20 14:31:48,590|'o'|press
2021-11-20 14:31:48,682|'o'|release
2021-11-20 14:31:48,684|'r'|press
2021-11-20 14:31:48,745|'r'|release
2021-11-20 14:31:48,817|'t'|press
2021-11-20 14:31:48,882|'t'|release
2021-11-20 14:31:48,962|'e'|press
2021-11-20 14:31:49,051|'z'|press
2021-11-20 14:31:49,115|'e'|release
2021-11-20 14:31:49,145|Key.space|press
2021-11-20 14:31:49,175|'z'|release
2021-11-20 14:31:49,237|Key.space|release
2021-11-20 14:31:49,693|'c'|press
2021-11-20 14:31:49,754|'e'|press
2021-11-20 14:31:49,813|'c'|release
2021-11-20 14:31:49,846|'e'|release
2021-11-20 14:31:49,847|Key.space|press
2021-11-20 14:31:49,937|Key.space|release
2021-11-20 14:31:50,010|'v'|press
2021-11-20 14:31:50,107|'v'|release
2021-11-20 14:31:50,144|'e'|press
2021-11-20 14:31:50,265|'e'|release
2021-11-20 14:31:50,267|'u'|press
2021-11-20 14:31:50,295|'u'|release
2021-11-20 14:31:50,830|Key.backspace|press
2021-11-20 14:31:50,922|Key.backspace|release
2021-11-20 14:31:50,979|Key.backspace|press
2021-11-20 14:31:51,046|Key.backspace|release
2021-11-20 14:31:51,094|'i'|press
2021-11-20 14:31:51,158|'i'|release
2021-11-20 14:31:51,223|'e'|press
2021-11-20 14:31:51,285|'u'|press
2021-11-20 14:31:51,316|'e'|release
2021-11-20 14:31:51,319|'u'|release
2021-11-20 14:31:51,421|'x'|press
2021-11-20 14:31:51,545|'x'|release
2021-11-20 14:31:51,547|Key.space|press
2021-11-20 14:31:51,607|Key.space|release
2021-11-20 14:31:52,011|'w'|press
2021-11-20 14:31:52,105|'w'|release
2021-11-20 14:31:52,134|'h'|press
2021-11-20 14:31:52,195|'i'|press
2021-11-20 14:31:52,227|'h'|release
2021-11-20 14:31:52,260|'i'|release
2021-11-20 14:31:52,635|'s'|press
2021-11-20 14:31:52,722|'s'|release
2021-11-20 14:31:52,723|'k'|press
2021-11-20 14:31:52,816|'k'|release
2021-11-20 14:31:52,865|'y'|press
2021-11-20 14:31:52,955|'y'|release
2021-11-20 14:31:53,224|Key.space|press
2021-11-20 14:31:53,312|Key.space|release
2021-11-20 14:31:53,581|'a'|press
2021-11-20 14:31:53,675|'u'|press
2021-11-20 14:31:53,704|'a'|release
2021-11-20 14:31:53,733|Key.space|press
2021-11-20 14:31:53,767|'u'|release
2021-11-20 14:31:53,826|Key.space|release
2021-11-20 14:31:53,858|'j'|press
2021-11-20 14:31:53,946|'j'|release
2021-11-20 14:31:54,008|'u'|press
2021-11-20 14:31:54,102|'u'|release
2021-11-20 14:31:54,515|'g'|press
2021-11-20 14:31:54,610|'e'|press
2021-11-20 14:31:54,640|'g'|release
2021-11-20 14:31:54,670|Key.space|press
2021-11-20 14:31:54,734|'e'|release
2021-11-20 14:31:54,764|Key.space|release
2021-11-20 14:31:54,837|'b'|press
2021-11-20 14:31:54,960|'b'|release
2021-11-20 14:31:54,963|'l'|press
2021-11-20 14:31:55,018|'l'|release
2021-11-20 14:31:55,096|'o'|press
2021-11-20 14:31:55,157|'n'|press
2021-11-20 14:31:55,221|'o'|release
2021-11-20 14:31:55,254|'d'|press
2021-11-20 14:31:55,285|'n'|release
2021-11-20 14:31:55,345|'d'|release
2021-11-20 14:31:55,375|Key.space|press
2021-11-20 14:31:55,377|'q'|press
2021-11-20 14:31:55,437|Key.space|release
2021-11-20 14:31:55,470|'q'|release
2021-11-20 14:31:55,520|'u'|press
2021-11-20 14:31:55,614|'i'|press
2021-11-20 14:31:55,674|'u'|release
2021-11-20 14:31:55,707|'i'|release
2021-11-20 14:31:55,709|Key.space|press
2021-11-20 14:31:55,738|'f'|press
2021-11-20 14:31:55,767|'f'|release
2021-11-20 14:31:55,797|Key.space|release
2021-11-20 14:31:56,261|'u'|press
2021-11-20 14:31:56,362|'u'|release
2021-11-20 14:31:56,394|'m'|press
2021-11-20 14:31:56,457|'m'|release
2021-11-20 14:31:56,460|'e'|press
2021-11-20 14:31:56,549|'e'|release
2021-11-20 14:31:56,578|Key.shift|press
2021-11-20 14:31:56,609|'.'|press
2021-11-20 14:31:56,701|'.'|release
2021-11-20 14:31:56,830|Key.shift|release
2021-11-20 14:31:56,925|Key.enter|press
2021-11-20 14:31:57,015|Key.enter|release
2021-11-20 14:31:57,481|Key.shift|press
2021-11-20 14:31:57,807|'J'|press
2021-11-20 14:31:57,871|'J'|release
2021-11-20 14:31:57,961|Key.shift|release
2021-11-20 14:31:58,031|'o'|press
2021-11-20 14:31:58,122|'o'|release
2021-11-20 14:31:58,151|'e'|press
2021-11-20 14:31:58,210|'y'|press
2021-11-20 14:31:58,241|'e'|release
2021-11-20 14:31:58,271|'y'|release
2021-11-20 14:31:58,329|'x'|press
2021-11-20 14:31:58,387|'u'|press
2021-11-20 14:31:58,424|'x'|release
2021-11-20 14:31:58,456|'u'|release
2021-11-20 14:31:58,758|Key.backspace|press
2021-11-20 14:31:58,847|Key.backspace|release
2021-11-20 14:31:58,910|Key.backspace|press
2021-11-20 14:31:59,002|Key.backspace|release
2021-11-20 14:31:59,057|Key.backspace|press
2021-11-20 14:31:59,144|Key.backspace|release
2021-11-20 14:31:59,199|Key.backspace|press
2021-11-20 14:31:59,294|Key.backspace|release
2021-11-20 14:31:59,334|'y'|press
2021-11-20 14:31:59,396|'y'|release
2021-11-20 14:31:59,398|'e'|press
2021-11-20 14:31:59,493|'e'|release
2021-11-20 14:31:59,524|'u'|press
2021-11-20 14:31:59,555|'x'|press
2021-11-20 14:31:59,587|'u'|release
2021-11-20 14:31:59,647|'x'|release
2021-11-20 14:31:59,730|','|press
2021-11-20 14:31:59,824|Key.space|press
2021-11-20 14:31:59,855|','|release
2021-11-20 14:31:59,916|Key.space|release
2021-11-20 14:32:00,095|'i'|press
2021-11-20 14:32:00,188|'i'|release
2021-11-20 14:32:00,220|'v'|press
2021-11-20 14:32:00,311|'r'|press
2021-11-20 14:32:00,342|'v'|release
2021-11-20 14:32:00,405|'e'|press
2021-11-20 14:32:00,464|'r'|release
2021-11-20 14:32:00,525|'e'|release
2021-11-20 14:32:00,527|','|press
2021-11-20 14:32:00,590|Key.space|press
2021-11-20 14:32:00,621|','|release
2021-11-20 14:32:00,682|Key.space|release
2021-11-20 14:32:00,733|'g'|press
2021-11-20 14:32:00,823|'a'|press
2021-11-20 14:32:00,885|'g'|release
2021-11-20 14:32:00,915|'a'|release
2021-11-20 14:32:00,979|'t'|press
2021-11-20 14:32:01,071|'t'|release
2021-11-20 14:32:01,073|'i'|press
2021-11-20 14:32:01,137|'i'|release
2021-11-20 14:32:01,346|Key.backspace|press
2021-11-20 14:32:01,438|Key.backspace|release
2021-11-20 14:32:01,504|Key.backspace|press
2021-11-20 14:32:01,598|Key.backspace|release
2021-11-20 14:32:01,661|Key.backspace|press
2021-11-20 14:32:01,751|Key.backspace|release
2021-11-20 14:32:02,120|Key.backspace|press
2021-11-20 14:32:02,220|Key.backspace|release
2021-11-20 14:32:02,250|'f'|press
2021-11-20 14:32:02,341|'a'|press
2021-11-20 14:32:02,404|'f'|release
2021-11-20 14:32:02,436|'a'|release
2021-11-20 14:32:02,506|'t'|press
2021-11-20 14:32:02,568|'i'|press
2021-11-20 14:32:02,598|'t'|release
2021-11-20 14:32:02,629|'i'|release
2021-11-20 14:32:02,684|'g'|press
2021-11-20 14:32:02,747|'u'|press
2021-11-20 14:32:02,781|'u'|release
2021-11-20 14:32:02,814|'g'|release
2021-11-20 14:32:03,292|'é'|press
2021-11-20 14:32:03,418|'é'|release
2021-11-20 14:32:03,420|'e'|press
2021-11-20 14:32:03,477|'e'|release
2021-11-20 14:32:03,754|Key.backspace|press
2021-11-20 14:32:03,848|Key.backspace|release
2021-11-20 14:32:03,989|','|press
2021-11-20 14:32:04,084|Key.space|press
2021-11-20 14:32:04,114|','|release
2021-11-20 14:32:04,173|Key.space|release
2021-11-20 14:32:04,358|'l'|press
2021-11-20 14:32:04,421|'e'|press
2021-11-20 14:32:04,450|'l'|release
2021-11-20 14:32:04,508|'e'|release
2021-11-20 14:32:04,548|Key.space|press
2021-11-20 14:32:04,609|Key.space|release
2021-11-20 14:32:04,675|'n'|press
2021-11-20 14:32:04,708|'n'|release
2021-11-20 14:32:04,962|Key.backspace|press
2021-11-20 14:32:05,023|Key.backspace|release
2021-11-20 14:32:05,364|'n'|press
2021-11-20 14:32:05,429|'n'|release
2021-11-20 14:32:05,458|'e'|press
2021-11-20 14:32:05,489|'z'|press
2021-11-20 14:32:05,551|'e'|release
2021-11-20 14:32:05,581|'z'|release
2021-11-20 14:32:05,610|Key.space|press
2021-11-20 14:32:05,672|Key.space|release
2021-11-20 14:32:05,702|'q'|press
2021-11-20 14:32:05,764|'q'|release
2021-11-20 14:32:05,767|'u'|press
2021-11-20 14:32:05,826|'i'|press
2021-11-20 14:32:05,892|'u'|release
2021-11-20 14:32:05,922|'i'|release
2021-11-20 14:32:05,923|Key.space|press
2021-11-20 14:32:06,013|Key.space|release
2021-11-20 14:32:06,015|'p'|press
2021-11-20 14:32:06,073|'i'|press
2021-11-20 14:32:06,135|'p'|release
2021-11-20 14:32:06,165|'i'|release
2021-11-20 14:32:06,197|'q'|press
2021-11-20 14:32:06,264|'q'|release
2021-11-20 14:32:06,294|'u'|press
2021-11-20 14:32:06,386|'u'|release
2021-11-20 14:32:06,415|'e'|press
2021-11-20 14:32:06,476|'e'|release
2021-11-20 14:32:06,559|Key.space|press
2021-11-20 14:32:06,650|Key.space|release
2021-11-20 14:32:06,960|Key.backspace|press
2021-11-20 14:32:07,055|Key.backspace|release
2021-11-20 14:32:07,171|','|press
2021-11-20 14:32:07,262|Key.space|press
2021-11-20 14:32:07,293|','|release
2021-11-20 14:32:07,322|Key.space|release
2021-11-20 14:32:07,324|Key.shift|press
2021-11-20 14:32:07,479|'C'|press
2021-11-20 14:32:07,596|Key.shift|release
2021-11-20 14:32:07,600|'c'|release
2021-11-20 14:32:07,661|'l'|press
2021-11-20 14:32:07,753|'l'|release
2021-11-20 14:32:07,811|'o'|press
2021-11-20 14:32:07,908|'o'|release
2021-11-20 14:32:07,910|'w'|press
2021-11-20 14:32:07,966|'w'|release
2021-11-20 14:32:08,001|'n'|press
2021-11-20 14:32:08,064|Key.space|press
2021-11-20 14:32:08,098|'n'|release
2021-11-20 14:32:08,157|Key.space|release
2021-11-20 14:32:08,158|Key.shift|press
2021-11-20 14:32:08,247|'H'|press
2021-11-20 14:32:08,313|Key.shift|release
2021-11-20 14:32:08,341|'h'|release
2021-11-20 14:32:08,899|'a'|press
2021-11-20 14:32:09,023|'a'|release
2021-11-20 14:32:09,084|'r'|press
2021-11-20 14:32:09,176|'r'|release
2021-11-20 14:32:09,178|'y'|press
2021-11-20 14:32:09,264|Key.space|press
2021-11-20 14:32:09,295|'y'|release
2021-11-20 14:32:09,359|Key.space|release
2021-11-20 14:32:09,966|'s'|press
2021-11-20 14:32:10,057|'s'|release
2021-11-20 14:32:10,101|'k'|press
2021-11-20 14:32:10,163|'k'|release
2021-11-20 14:32:10,228|'i'|press
2021-11-20 14:32:10,295|'i'|release
2021-11-20 14:32:10,297|'e'|press
2021-11-20 14:32:10,386|'e'|release
2021-11-20 14:32:10,431|Key.space|press
2021-11-20 14:32:10,528|Key.space|release
2021-11-20 14:32:10,558|'d'|press
2021-11-20 14:32:10,650|'d'|release
2021-11-20 14:32:10,746|'a'|press
2021-11-20 14:32:10,841|'a'|release
2021-11-20 14:32:10,842|'n'|press
2021-11-20 14:32:10,899|'n'|release
2021-11-20 14:32:10,931|'s'|press
2021-11-20 14:32:11,026|'s'|release
2021-11-20 14:32:11,061|Key.space|press
2021-11-20 14:32:11,122|Key.space|release
2021-11-20 14:32:11,157|'l'|press
2021-11-20 14:32:11,222|'l'|release
2021-11-20 14:32:11,223|"'"|press
2021-11-20 14:32:11,285|"'"|release
2021-11-20 14:32:11,352|'o'|press
2021-11-20 14:32:11,442|'m'|press
2021-11-20 14:32:11,472|'o'|release
2021-11-20 14:32:11,533|'m'|release
2021-11-20 14:32:11,585|'b'|press
2021-11-20 14:32:11,615|'r'|press
2021-11-20 14:32:11,647|'b'|release
2021-11-20 14:32:11,677|'e'|press
2021-11-20 14:32:11,739|'r'|release
2021-11-20 14:32:11,802|'e'|release
2021-11-20 14:32:11,841|Key.shift|press
2021-11-20 14:32:11,930|'.'|press
2021-11-20 14:32:12,024|'.'|release
2021-11-20 14:32:12,055|Key.shift|release
2021-11-20 14:32:12,227|Key.enter|press
2021-11-20 14:32:12,347|Key.enter|release
2021-11-20 14:32:12,684|Key.shift|press
2021-11-20 14:32:12,807|'M'|press
2021-11-20 14:32:12,901|'M'|release
2021-11-20 14:32:12,931|Key.shift|release
2021-11-20 14:32:13,015|'o'|press
2021-11-20 14:32:13,074|'n'|press
2021-11-20 14:32:13,133|'o'|release
2021-11-20 14:32:13,161|'s'|press
2021-11-20 14:32:13,195|'n'|release
2021-11-20 14:32:13,224|'i'|press
2021-11-20 14:32:13,253|'s'|release
2021-11-20 14:32:13,291|'i'|release
2021-11-20 14:32:13,331|'e'|press
2021-11-20 14:32:13,395|'e'|release
2021-11-20 14:32:13,397|'u'|press
2021-11-20 14:32:13,459|'u'|release
2021-11-20 14:32:13,461|'r'|press
2021-11-20 14:32:13,550|'r'|release
2021-11-20 14:32:13,590|Key.shift|press
2021-11-20 14:32:13,709|Key.space|press
2021-11-20 14:32:13,776|Key.space|release
2021-11-20 14:32:13,807|Key.shift|release
2021-11-20 14:32:13,839|'j'|press
2021-11-20 14:32:13,903|'j'|release
2021-11-20 14:32:14,169|Key.backspace|press
2021-11-20 14:32:14,263|Key.backspace|release
2021-11-20 14:32:14,293|Key.shift|press
2021-11-20 14:32:14,390|'J'|press
2021-11-20 14:32:14,479|'J'|release
2021-11-20 14:32:14,509|Key.shift|release
2021-11-20 14:32:14,604|'a'|press
2021-11-20 14:32:14,699|'c'|press
2021-11-20 14:32:14,730|'a'|release
2021-11-20 14:32:14,791|'c'|release
2021-11-20 14:32:14,794|'k'|press
2021-11-20 14:32:14,855|'k'|release
2021-11-20 14:32:15,755|','|press
2021-11-20 14:32:15,846|Key.space|press
2021-11-20 14:32:15,937|','|release
2021-11-20 14:32:15,971|Key.space|release
2021-11-20 14:32:16,392|'v'|press
2021-11-20 14:32:16,490|'v'|release
2021-11-20 14:32:16,492|'o'|press
2021-11-20 14:32:16,519|'u'|press
2021-11-20 14:32:16,577|'o'|release
2021-11-20 14:32:16,608|'u'|release
2021-11-20 14:32:16,611|'s'|press
2021-11-20 14:32:16,672|'s'|release
2021-11-20 14:32:16,719|Key.space|press
2021-11-20 14:32:16,783|Key.space|release
2021-11-20 14:32:17,163|'d'|press
2021-11-20 14:32:17,255|'d'|release
2021-11-20 14:32:17,384|'a'|press
2021-11-20 14:32:17,418|'a'|release
2021-11-20 14:32:17,914|'a'|press
2021-11-20 14:32:18,006|'a'|release
2021-11-20 14:32:18,046|'c'|press
2021-11-20 14:32:18,141|'c'|release
2021-11-20 14:32:18,209|'t'|press
2021-11-20 14:32:18,267|'u'|press
2021-11-20 14:32:18,298|'t'|release
2021-11-20 14:32:18,331|'u'|release
2021-11-20 14:32:18,517|Key.backspace|press
2021-11-20 14:32:18,615|Key.backspace|release
2021-11-20 14:32:18,677|Key.backspace|press
2021-11-20 14:32:18,767|Key.backspace|release
2021-11-20 14:32:18,822|Key.backspace|press
2021-11-20 14:32:18,973|'c'|press
2021-11-20 14:32:19,004|Key.backspace|release
2021-11-20 14:32:19,034|'c'|release
2021-11-20 14:32:19,142|'t'|press
2021-11-20 14:32:19,207|'t'|release
2021-11-20 14:32:19,209|'y'|press
2021-11-20 14:32:19,237|'y'|release
2021-11-20 14:32:19,431|Key.backspace|press
2021-11-20 14:32:19,521|Key.backspace|release
2021-11-20 14:32:19,586|Key.backspace|press
2021-11-20 14:32:19,653|Key.backspace|release
2021-11-20 14:32:19,738|Key.backspace|press
2021-11-20 14:32:19,798|Key.backspace|release
2021-11-20 14:32:19,848|Key.backspace|press
2021-11-20 14:32:19,939|Key.backspace|release
2021-11-20 14:32:19,941|'c'|press
2021-11-20 14:32:20,034|'c'|release
2021-11-20 14:32:20,101|'t'|press
2021-11-20 14:32:20,160|'y'|press
2021-11-20 14:32:20,190|'t'|release
2021-11-20 14:32:20,221|'y'|release
2021-11-20 14:32:20,722|'l'|press
2021-11-20 14:32:20,814|'l'|release
2021-11-20 14:32:20,920|'o'|press
2021-11-20 14:32:21,012|'o'|release
2021-11-20 14:32:21,143|'g'|press
2021-11-20 14:32:21,209|'r'|press
2021-11-20 14:32:21,240|'g'|release
2021-11-20 14:32:21,304|'r'|release
2021-11-20 14:32:21,306|'a'|press
2021-11-20 14:32:21,395|'p'|press
2021-11-20 14:32:21,426|'a'|release
2021-11-20 14:32:21,486|'p'|release
2021-11-20 14:32:21,541|'h'|press
2021-11-20 14:32:21,603|'i'|press
2021-11-20 14:32:21,664|'h'|release
2021-11-20 14:32:21,730|'i'|release
2021-11-20 14:32:21,732|'e'|press
2021-11-20 14:32:21,790|'z'|press
2021-11-20 14:32:21,819|'e'|release
2021-11-20 14:32:21,881|'z'|release
2021-11-20 14:32:22,634|Key.space|press
2021-11-20 14:32:22,759|Key.space|release
2021-11-20 14:32:22,977|'b'|press
2021-11-20 14:32:23,069|'i'|press
2021-11-20 14:32:23,100|'b'|release
2021-11-20 14:32:23,163|'i'|release
2021-11-20 14:32:23,165|'e'|press
2021-11-20 14:32:23,225|'n'|press
2021-11-20 14:32:23,254|'e'|release
2021-11-20 14:32:23,314|Key.space|press
2021-11-20 14:32:23,347|'n'|release
2021-11-20 14:32:23,411|Key.space|release
2021-11-20 14:32:23,453|'m'|press
2021-11-20 14:32:23,548|'m'|release
2021-11-20 14:32:23,576|'i'|press
2021-11-20 14:32:23,639|'e'|press
2021-11-20 14:32:23,670|'i'|release
2021-11-20 14:32:23,762|'e'|release
2021-11-20 14:32:23,791|'u'|press
2021-11-20 14:32:23,856|'u'|release
2021-11-20 14:32:23,858|'x'|press
2021-11-20 14:32:23,976|'x'|release
2021-11-20 14:32:23,978|Key.space|press
2021-11-20 14:32:24,068|Key.space|release
2021-11-20 14:32:24,097|'q'|press
2021-11-20 14:32:24,159|'q'|release
2021-11-20 14:32:24,189|'u'|press
2021-11-20 14:32:24,252|'u'|release
2021-11-20 14:32:24,253|'e'|press
2021-11-20 14:32:24,342|'e'|release
2021-11-20 14:32:24,373|Key.space|press
2021-11-20 14:32:24,467|Key.space|release
2021-11-20 14:32:24,706|Key.shift|press
2021-11-20 14:32:24,887|'W'|press
2021-11-20 14:32:25,047|'W'|release
2021-11-20 14:32:25,074|Key.shift|release
2021-11-20 14:32:25,147|'o'|press
2021-11-20 14:32:25,209|'o'|release
2021-11-20 14:32:25,302|'l'|press
2021-11-20 14:32:25,397|'l'|release
2021-11-20 14:32:25,789|'f'|press
2021-11-20 14:32:25,883|'f'|release
2021-11-20 14:32:25,929|Key.shift|press
2021-11-20 14:32:26,205|Key.shift|release
2021-11-20 14:32:26,588|Key.shift|press
2021-11-20 14:32:26,707|'.'|press
2021-11-20 14:32:26,768|'.'|release
2021-11-20 14:32:26,890|Key.shift|release
2021-11-20 14:32:27,056|Key.enter|press
2021-11-20 14:32:27,149|Key.enter|release
2021-11-20 14:32:27,437|Key.shift|press
2021-11-20 14:32:27,677|'H'|press
2021-11-20 14:32:27,762|'H'|release
2021-11-20 14:32:27,793|Key.shift|release
2021-11-20 14:32:27,825|'i'|press
2021-11-20 14:32:27,888|'e'|press
2021-11-20 14:32:27,920|'i'|release
2021-11-20 14:32:27,983|'e'|release
2021-11-20 14:32:28,012|'r'|press
2021-11-20 14:32:28,111|','|press
2021-11-20 14:32:28,143|'r'|release
2021-11-20 14:32:28,175|Key.space|press
2021-11-20 14:32:28,209|','|release
2021-11-20 14:32:28,269|Key.space|release
2021-11-20 14:32:28,271|'a'|press
2021-11-20 14:32:28,330|'u'|press
2021-11-20 14:32:28,361|'a'|release
2021-11-20 14:32:28,419|'u'|release
2021-11-20 14:32:28,449|Key.space|press
2021-11-20 14:32:28,513|Key.space|release
2021-11-20 14:32:28,693|'z'|press
2021-11-20 14:32:28,815|'z'|release
2021-11-20 14:32:28,817|'o'|press
2021-11-20 14:32:28,876|'o'|release
2021-11-20 14:32:28,933|'o'|press
2021-11-20 14:32:28,993|'o'|release
2021-11-20 14:32:29,238|','|press
2021-11-20 14:32:29,327|Key.space|press
2021-11-20 14:32:29,388|','|release
2021-11-20 14:32:29,421|Key.space|release
2021-11-20 14:32:30,061|'j'|press
2021-11-20 14:32:30,155|'j'|release
2021-11-20 14:32:30,226|"'"|press
2021-11-20 14:32:30,314|"'"|release
2021-11-20 14:32:30,344|'a'|press
2021-11-20 14:32:30,379|'a'|release
2021-11-20 14:32:30,381|'i'|press
2021-11-20 14:32:30,443|'i'|release
2021-11-20 14:32:31,451|Key.space|press
2021-11-20 14:32:31,510|Key.space|release
2021-11-20 14:32:31,538|'v'|press
2021-11-20 14:32:31,627|'v'|release
2021-11-20 14:32:31,629|'u'|press
2021-11-20 14:32:31,724|'u'|release
2021-11-20 14:32:31,726|Key.space|press
2021-11-20 14:32:31,786|Key.space|release
2021-11-20 14:32:32,045|'d'|press
2021-11-20 14:32:32,140|'d'|release
2021-11-20 14:32:32,141|'i'|press
2021-11-20 14:32:32,203|'i'|release
2021-11-20 14:32:32,255|'x'|press
2021-11-20 14:32:32,350|'x'|release
2021-11-20 14:32:32,377|Key.space|press
2021-11-20 14:32:32,442|Key.space|release
2021-11-20 14:32:33,508|'g'|press
2021-11-20 14:32:33,540|'u'|press
2021-11-20 14:32:33,602|'g'|release
2021-11-20 14:32:33,632|'é'|press
2021-11-20 14:32:33,664|'u'|release
2021-11-20 14:32:33,755|'é'|release
2021-11-20 14:32:34,112|'p'|press
2021-11-20 14:32:34,206|'a'|press
2021-11-20 14:32:34,240|'p'|release
2021-11-20 14:32:34,302|'a'|release
2021-11-20 14:32:34,380|'r'|press
2021-11-20 14:32:34,472|'r'|release
2021-11-20 14:32:34,505|'s'|press
2021-11-20 14:32:34,629|'s'|release
2021-11-20 14:32:34,890|Key.backspace|press
2021-11-20 14:32:34,981|'d'|press
2021-11-20 14:32:35,012|Key.backspace|release
2021-11-20 14:32:35,015|'s'|press
2021-11-20 14:32:35,073|'d'|release
2021-11-20 14:32:35,134|'s'|release
2021-11-20 14:32:35,164|','|press
2021-11-20 14:32:35,224|Key.space|press
2021-11-20 14:32:35,291|','|release
2021-11-20 14:32:35,354|Key.space|release
2021-11-20 14:32:35,927|'c'|press
2021-11-20 14:32:36,047|'c'|release
2021-11-20 14:32:36,076|'i'|press
2021-11-20 14:32:36,135|'n'|press
2021-11-20 14:32:36,199|'i'|release
2021-11-20 14:32:36,256|'q'|press
2021-11-20 14:32:36,288|'n'|release
2021-11-20 14:32:36,349|'q'|release
2021-11-20 14:32:36,378|Key.space|press
2021-11-20 14:32:36,506|Key.space|release
2021-11-20 14:32:37,058|'z'|press
2021-11-20 14:32:37,180|'&'|press
2021-11-20 14:32:37,239|'z'|release
2021-11-20 14:32:37,301|'&'|release
2021-11-20 14:32:37,342|'b'|press
2021-11-20 14:32:37,407|'u'|press
2021-11-20 14:32:37,469|'b'|release
2021-11-20 14:32:37,505|'u'|release
2021-11-20 14:32:37,532|'s'|press
2021-11-20 14:32:37,591|'s'|release
2021-11-20 14:32:37,654|','|press
2021-11-20 14:32:37,808|Key.space|press
2021-11-20 14:32:37,840|','|release
2021-11-20 14:32:37,903|Key.space|release
2021-11-20 14:32:38,110|Key.backspace|press
2021-11-20 14:32:38,204|Key.backspace|release
2021-11-20 14:32:38,277|Key.backspace|press
2021-11-20 14:32:38,372|Key.backspace|release
2021-11-20 14:32:38,419|Key.backspace|press
2021-11-20 14:32:38,509|Key.backspace|release
2021-11-20 14:32:38,566|Key.backspace|press
2021-11-20 14:32:38,625|Key.backspace|release
2021-11-20 14:32:38,691|Key.backspace|press
2021-11-20 14:32:38,780|Key.backspace|release
2021-11-20 14:32:39,624|Key.backspace|press
2021-11-20 14:32:39,712|Key.backspace|release
2021-11-20 14:32:39,752|'é'|press
2021-11-20 14:32:39,847|'é'|release
2021-11-20 14:32:39,877|'b'|press
2021-11-20 14:32:39,976|'u'|press
2021-11-20 14:32:40,007|'b'|release
2021-11-20 14:32:40,068|'u'|release
2021-11-20 14:32:40,220|'s'|press
2021-11-20 14:32:40,279|'s'|release
2021-11-20 14:32:40,324|','|press
2021-11-20 14:32:40,412|Key.space|press
2021-11-20 14:32:40,477|','|release
2021-11-20 14:32:40,506|Key.space|release
2021-11-20 14:32:41,593|'u'|press
2021-11-20 14:32:41,685|'n'|press
2021-11-20 14:32:41,718|Key.space|press
2021-11-20 14:32:41,749|'u'|release
2021-11-20 14:32:41,781|'n'|release
2021-11-20 14:32:41,842|Key.space|release
2021-11-20 14:32:41,921|'y'|press
2021-11-20 14:32:42,013|'y'|release
2021-11-20 14:32:42,014|'a'|press
2021-11-20 14:32:42,101|'a'|release
2021-11-20 14:32:42,131|'k'|press
2021-11-20 14:32:42,251|Key.space|press
2021-11-20 14:32:42,283|'k'|release
2021-11-20 14:32:42,344|Key.space|release
2021-11-20 14:32:42,372|'e'|press
2021-11-20 14:32:42,434|'e'|release
2021-11-20 14:32:42,537|'t'|press
2021-11-20 14:32:42,624|'t'|release
2021-11-20 14:32:42,626|Key.space|press
2021-11-20 14:32:42,748|Key.space|release
2021-11-20 14:32:43,297|'l'|press
2021-11-20 14:32:43,389|'l'|release
2021-11-20 14:32:43,419|'e'|press
2021-11-20 14:32:43,481|'e'|release
2021-11-20 14:32:43,482|Key.space|press
2021-11-20 14:32:43,569|Key.space|release
2021-11-20 14:32:43,654|'w'|press
2021-11-20 14:32:43,746|'w'|release
2021-11-20 14:32:43,832|'a'|press
2021-11-20 14:32:43,895|'p'|press
2021-11-20 14:32:43,928|'a'|release
2021-11-20 14:32:43,988|'p'|release
2021-11-20 14:32:44,466|'i'|press
2021-11-20 14:32:44,525|'i'|release
2021-11-20 14:32:44,565|'t'|press
2021-11-20 14:32:44,629|'i'|press
2021-11-20 14:32:44,665|'t'|release
2021-11-20 14:32:44,693|'i'|release
2021-11-20 14:32:44,809|Key.space|press
2021-11-20 14:32:44,910|Key.space|release
2021-11-20 14:32:45,323|'f'|press
2021-11-20 14:32:45,418|'f'|release
2021-11-20 14:32:45,449|'u'|press
2021-11-20 14:32:45,511|'u'|release
2021-11-20 14:32:45,609|'m'|press
2021-11-20 14:32:45,670|'e'|press
2021-11-20 14:32:45,701|'m'|release
2021-11-20 14:32:45,760|'e'|release
2021-11-20 14:32:45,789|'r'|press
2021-11-20 14:32:45,890|'r'|release
2021-11-20 14:32:45,892|Key.shift|press
2021-11-20 14:32:45,921|'.'|press
2021-11-20 14:32:46,016|'.'|release
2021-11-20 14:32:46,227|Key.shift|release
2021-11-20 14:32:46,229|Key.enter|press
2021-11-20 14:32:46,345|Key.enter|release
2021-11-20 14:32:46,783|Key.shift|press
2021-11-20 14:32:46,936|'H'|press
2021-11-20 14:32:46,967|Key.shift|release
2021-11-20 14:32:47,056|'h'|release
2021-11-20 14:32:47,129|'e'|press
2021-11-20 14:32:47,223|'e'|release
2021-11-20 14:32:47,420|Key.backspace|press
2021-11-20 14:32:47,509|Key.backspace|release
2021-11-20 14:32:48,049|Key.backspace|press
2021-11-20 14:32:48,173|Key.backspace|release
2021-11-20 14:32:48,541|Key.shift|press
2021-11-20 14:32:48,779|'Y'|press
2021-11-20 14:32:48,838|'Y'|release
2021-11-20 14:32:48,871|Key.shift|release
2021-11-20 14:32:49,097|'v'|press
2021-11-20 14:32:49,186|'v'|release
2021-11-20 14:32:49,188|'e'|press
2021-11-20 14:32:49,247|'e'|release
2021-11-20 14:32:49,304|'s'|press
2021-11-20 14:32:49,423|'s'|release
2021-11-20 14:32:49,424|Key.space|press
2021-11-20 14:32:49,483|Key.space|release
2021-11-20 14:32:50,092|'f'|press
2021-11-20 14:32:50,218|'f'|release
2021-11-20 14:32:50,972|'u'|press
2021-11-20 14:32:51,065|'u'|release
2021-11-20 14:32:51,099|'g'|press
2021-11-20 14:32:51,159|'g'|release
2021-11-20 14:32:51,161|'u'|press
2021-11-20 14:32:51,220|'u'|release
2021-11-20 14:32:51,249|'e'|press
2021-11-20 14:32:51,308|'e'|release
2021-11-20 14:32:51,464|Key.space|press
2021-11-20 14:32:51,557|Key.space|release
2021-11-20 14:32:51,589|'e'|press
2021-11-20 14:32:51,622|'n'|press
2021-11-20 14:32:51,655|'e'|release
2021-11-20 14:32:51,715|Key.space|press
2021-11-20 14:32:51,775|'n'|release
2021-11-20 14:32:51,807|Key.shift|press
2021-11-20 14:32:51,840|Key.space|release
2021-11-20 14:32:52,354|Key.shift|press
2021-11-20 14:32:52,384|Key.shift|press
2021-11-20 14:32:52,416|Key.shift|press
2021-11-20 14:32:52,447|Key.shift|press
2021-11-20 14:32:52,477|Key.shift|press
2021-11-20 14:32:52,508|Key.shift|press
2021-11-20 14:32:52,540|Key.shift|press
2021-11-20 14:32:52,585|Key.shift|press
2021-11-20 14:32:52,618|Key.shift|press
2021-11-20 14:32:52,648|Key.shift|press
2021-11-20 14:32:52,680|Key.shift|press
2021-11-20 14:32:52,710|Key.shift|press
2021-11-20 14:32:52,741|Key.shift|press
2021-11-20 14:32:52,750|'B'|press
2021-11-20 14:32:52,840|'B'|release
2021-11-20 14:32:52,842|'M'|press
2021-11-20 14:32:52,903|'M'|release
2021-11-20 14:32:53,088|'X'|press
2021-11-20 14:32:53,182|'X'|release
2021-11-20 14:32:53,304|Key.shift|release
2021-11-20 14:32:53,787|Key.space|press
2021-11-20 14:32:53,905|Key.space|release
2021-11-20 14:32:53,937|'c'|press
2021-11-20 14:32:54,027|'c'|release
2021-11-20 14:32:54,056|'h'|press
2021-11-20 14:32:54,116|'h'|release
2021-11-20 14:32:54,118|'e'|press
2021-11-20 14:32:54,176|'z'|press
2021-11-20 14:32:54,240|'e'|release
2021-11-20 14:32:54,271|'z'|release
2021-11-20 14:32:54,272|Key.space|press
2021-11-20 14:32:54,331|Key.space|release
2021-11-20 14:32:54,370|Key.shift|press
2021-11-20 14:32:54,642|'W'|press
2021-11-20 14:32:54,706|'W'|release
2021-11-20 14:32:54,831|Key.shift|release
2021-11-20 14:32:54,909|'i'|press
2021-11-20 14:32:54,998|'i'|release
2021-11-20 14:32:55,139|'l'|press
2021-11-20 14:32:55,199|'l'|release
2021-11-20 14:32:55,281|'l'|press
2021-11-20 14:32:55,346|'l'|release
2021-11-20 14:32:55,471|','|press
2021-11-20 14:32:55,565|Key.space|press
2021-11-20 14:32:55,596|','|release
2021-11-20 14:32:55,659|Key.space|release
2021-11-20 14:32:55,700|'q'|press
2021-11-20 14:32:55,794|'q'|release
2021-11-20 14:32:55,834|'u'|press
2021-11-20 14:32:55,897|'i'|press
2021-11-20 14:32:55,962|'u'|release
2021-11-20 14:32:55,991|'i'|release
2021-11-20 14:32:55,992|Key.space|press
2021-11-20 14:32:56,083|Key.space|release
2021-11-20 14:32:56,174|'e'|press
2021-11-20 14:32:56,265|'e'|release
2021-11-20 14:32:56,326|'s'|press
2021-11-20 14:32:56,420|'s'|release
2021-11-20 14:32:56,524|'t'|press
2021-11-20 14:32:56,619|'t'|release
2021-11-20 14:32:56,621|Key.space|press
2021-11-20 14:32:56,680|Key.space|release
2021-11-20 14:32:56,710|'p'|press
2021-11-20 14:32:56,773|'p'|release
2021-11-20 14:32:56,803|'t'|press
2021-11-20 14:32:56,891|'r'|press
2021-11-20 14:32:56,926|'t'|release
2021-11-20 14:32:56,929|'è'|press
2021-11-20 14:32:56,957|'r'|release
2021-11-20 14:32:56,991|'è'|release
2021-11-20 14:32:57,059|'s'|press
2021-11-20 14:32:57,151|'s'|release
2021-11-20 14:32:57,153|Key.space|press
2021-11-20 14:32:57,209|Key.space|release
2021-11-20 14:32:57,391|Key.backspace|press
2021-11-20 14:32:57,486|Key.backspace|release
2021-11-20 14:32:57,551|Key.backspace|press
2021-11-20 14:32:57,639|Key.backspace|release
2021-11-20 14:32:57,701|Key.backspace|press
2021-11-20 14:32:57,793|Key.backspace|release
2021-11-20 14:32:57,832|Key.backspace|press
2021-11-20 14:32:57,924|Key.backspace|release
2021-11-20 14:32:57,964|Key.backspace|press
2021-11-20 14:32:58,029|Key.backspace|release
2021-11-20 14:32:58,060|'r'|press
2021-11-20 14:32:58,125|'r'|release
2021-11-20 14:32:58,193|'è'|press
2021-11-20 14:32:58,254|'è'|release
2021-11-20 14:32:58,282|'s'|press
2021-11-20 14:32:58,316|'s'|release
2021-11-20 14:32:58,732|Key.space|press
2021-11-20 14:32:58,825|Key.space|release
2021-11-20 14:32:58,827|'d'|press
2021-11-20 14:32:58,950|'d'|release
2021-11-20 14:32:58,952|'u'|press
2021-11-20 14:32:59,069|'u'|release
2021-11-20 14:32:59,071|Key.space|press
2021-11-20 14:32:59,135|Key.space|release
2021-11-20 14:32:59,179|Key.shift|press
2021-11-20 14:32:59,303|'K'|press
2021-11-20 14:32:59,366|'K'|release
2021-11-20 14:32:59,426|Key.shift|release
2021-11-20 14:32:59,471|'i'|press
2021-11-20 14:32:59,561|'i'|release
2021-11-20 14:32:59,605|'l'|press
2021-11-20 14:32:59,728|'l'|release
2021-11-20 14:32:59,730|'i'|press
2021-11-20 14:32:59,786|'i'|release
2021-11-20 14:32:59,857|'m'|press
2021-11-20 14:32:59,948|'m'|release
2021-11-20 14:32:59,978|'a'|press
2021-11-20 14:33:00,037|'n'|press
2021-11-20 14:33:00,068|'a'|release
2021-11-20 14:33:00,132|'n'|release
2021-11-20 14:33:00,204|'d'|press
2021-11-20 14:33:00,326|'d'|release
2021-11-20 14:33:01,150|'j'|press
2021-11-20 14:33:01,242|'j'|release
2021-11-20 14:33:01,244|'a'|press
2021-11-20 14:33:01,333|'a'|release
2021-11-20 14:33:01,397|'r'|press
2021-11-20 14:33:01,514|'r'|release
2021-11-20 14:33:01,516|'o'|press
2021-11-20 14:33:01,608|'o'|release
2021-11-20 14:33:01,609|Key.space|press
2021-11-20 14:33:01,670|Key.space|release
2021-11-20 14:33:01,710|Key.shift|press
2021-11-20 14:33:01,921|Key.shift|release
2021-11-20 14:33:01,971|Key.backspace|press
2021-11-20 14:33:02,064|Key.backspace|release
2021-11-20 14:33:02,066|Key.shift|press
2021-11-20 14:33:02,124|'?'|press
2021-11-20 14:33:02,219|'?'|release
2021-11-20 14:33:02,279|Key.shift|release
2021-11-20 14:33:02,446|Key.enter|press
2021-11-20 14:33:02,541|Key.enter|release
2021-11-20 14:33:02,865|Key.backspace|press
2021-11-20 14:33:02,957|Key.backspace|release
2021-11-20 14:33:03,012|Key.backspace|press
2021-11-20 14:33:03,104|Key.backspace|release
2021-11-20 14:33:03,279|Key.shift|press
2021-11-20 14:33:03,482|'.'|press
2021-11-20 14:33:03,546|'.'|release
2021-11-20 14:33:03,665|Key.shift|release
2021-11-20 14:33:03,705|Key.enter|press
2021-11-20 14:33:03,830|Key.enter|release
2021-11-20 14:33:04,103|Key.shift|press
2021-11-20 14:33:04,306|'J'|press
2021-11-20 14:33:04,401|Key.shift|release
2021-11-20 14:33:04,404|'j'|release
2021-11-20 14:33:04,509|"'"|press
2021-11-20 14:33:04,602|"'"|release
2021-11-20 14:33:04,603|'a'|press
2021-11-20 14:33:04,692|'i'|press
2021-11-20 14:33:04,751|'a'|release
2021-11-20 14:33:04,784|'i'|release
2021-11-20 14:33:04,826|'m'|press
2021-11-20 14:33:04,892|'e'|press
2021-11-20 14:33:04,954|'m'|release
2021-11-20 14:33:04,984|'e'|release
2021-11-20 14:33:05,024|Key.space|press
2021-11-20 14:33:05,117|Key.space|release
2021-11-20 14:33:05,164|'l'|press
2021-11-20 14:33:05,286|'l'|release
2021-11-20 14:33:05,648|'i'|press
2021-11-20 14:33:05,737|'i'|release
2021-11-20 14:33:05,765|"'"|press
2021-11-20 14:33:05,856|"'"|release
2021-11-20 14:33:06,056|Key.backspace|press
2021-11-20 14:33:06,113|Key.backspace|release
2021-11-20 14:33:06,168|Key.backspace|press
2021-11-20 14:33:06,263|Key.backspace|release
2021-11-20 14:33:06,265|"'"|press
2021-11-20 14:33:06,357|"'"|release
2021-11-20 14:33:06,359|'i'|press
2021-11-20 14:33:06,417|'i'|release
2021-11-20 14:33:06,457|'d'|press
2021-11-20 14:33:06,546|'é'|press
2021-11-20 14:33:06,610|'d'|release
2021-11-20 14:33:06,640|'é'|release
2021-11-20 14:33:06,708|'e'|press
2021-11-20 14:33:06,803|'e'|release
2021-11-20 14:33:06,881|'e'|press
2021-11-20 14:33:06,940|'e'|release
2021-11-20 14:33:07,373|Key.backspace|press
2021-11-20 14:33:07,465|Key.backspace|release
2021-11-20 14:33:07,535|Key.space|press
2021-11-20 14:33:07,600|Key.space|release
2021-11-20 14:33:07,602|'q'|press
2021-11-20 14:33:07,694|'q'|release
2021-11-20 14:33:07,695|'u'|press
2021-11-20 14:33:07,757|'u'|release
2021-11-20 14:33:07,786|'e'|press
2021-11-20 14:33:07,849|'e'|release
2021-11-20 14:33:07,851|Key.space|press
2021-11-20 14:33:07,939|Key.space|release
2021-11-20 14:33:07,941|'l'|press
2021-11-20 14:33:08,031|'l'|release
2021-11-20 14:33:08,033|'e'|press
2021-11-20 14:33:08,122|'e'|release
2021-11-20 14:33:08,124|Key.space|press
2021-11-20 14:33:08,215|Key.space|release
2021-11-20 14:33:08,218|'p'|press
2021-11-20 14:33:08,281|'l'|press
2021-11-20 14:33:08,313|'p'|release
2021-11-20 14:33:08,376|'l'|release
2021-11-20 14:33:08,408|'u'|press
2021-11-20 14:33:08,438|'s'|press
2021-11-20 14:33:08,467|'u'|release
2021-11-20 14:33:08,528|'s'|release
2021-11-20 14:33:08,567|Key.space|press
2021-11-20 14:33:08,630|Key.space|release
2021-11-20 14:33:08,632|'g'|press
2021-11-20 14:33:08,722|'r'|press
2021-11-20 14:33:08,784|'g'|release
2021-11-20 14:33:08,815|'r'|release
2021-11-20 14:33:08,817|'a'|press
2021-11-20 14:33:08,882|'n'|press
2021-11-20 14:33:08,914|'a'|release
2021-11-20 14:33:08,972|'n'|release
2021-11-20 14:33:08,974|'d'|press
2021-11-20 14:33:09,065|'d'|release
2021-11-20 14:33:09,105|Key.space|press
2021-11-20 14:33:09,171|'d'|press
2021-11-20 14:33:09,204|Key.space|release
2021-11-20 14:33:09,234|'e'|press
2021-11-20 14:33:09,297|'e'|release
2021-11-20 14:33:09,300|'d'|release
2021-11-20 14:33:09,352|'s'|press
2021-11-20 14:33:09,470|'s'|release
2021-11-20 14:33:09,472|Key.space|press
2021-11-20 14:33:09,501|Key.shift|press
2021-11-20 14:33:09,532|Key.space|release
2021-11-20 14:33:09,648|'S'|press
2021-11-20 14:33:09,742|'S'|release
2021-11-20 14:33:09,747|Key.shift|release
2021-11-20 14:33:09,820|'e'|press
2021-11-20 14:33:09,913|'e'|release
2021-11-20 14:33:09,950|'x'|press
2021-11-20 14:33:10,075|'x'|release
2021-11-20 14:33:10,160|'è'|press
2021-11-20 14:33:10,230|'è'|release
2021-11-20 14:33:10,604|Key.backspace|press
2021-11-20 14:33:10,727|Key.backspace|release
2021-11-20 14:33:10,917|'-'|press
2021-11-20 14:33:10,978|'-'|release
2021-11-20 14:33:11,007|'s'|press
2021-11-20 14:33:11,102|'s'|release
2021-11-20 14:33:11,356|'y'|press
2021-11-20 14:33:11,417|'y'|release
2021-11-20 14:33:11,576|'m'|press
2021-11-20 14:33:11,609|'m'|release
2021-11-20 14:33:12,160|'b'|press
2021-11-20 14:33:12,249|'b'|release
2021-11-20 14:33:12,539|'o'|press
2021-11-20 14:33:12,601|'o'|release
2021-11-20 14:33:12,700|'l'|press
2021-11-20 14:33:12,792|'l'|release
2021-11-20 14:33:12,794|'s'|press
2021-11-20 14:33:12,855|'s'|release
2021-11-20 14:33:12,902|Key.space|press
2021-11-20 14:33:12,997|Key.space|release
2021-11-20 14:33:13,263|'n'|press
2021-11-20 14:33:13,327|'n'|release
2021-11-20 14:33:13,371|'e'|press
2021-11-20 14:33:13,430|'e'|release
2021-11-20 14:33:13,491|'w'|press
2021-11-20 14:33:13,612|'w'|release
2021-11-20 14:33:13,786|'-'|press
2021-11-20 14:33:13,847|'-'|release
2021-11-20 14:33:14,338|'y'|press
2021-11-20 14:33:14,433|'y'|release
2021-11-20 14:33:14,465|'o'|press
2021-11-20 14:33:14,555|'o'|release
2021-11-20 14:33:14,587|'r'|press
2021-11-20 14:33:14,646|'r'|release
2021-11-20 14:33:14,736|'a'|press
2021-11-20 14:33:14,831|'a'|release
2021-11-20 14:33:15,404|Key.backspace|press
2021-11-20 14:33:15,498|Key.backspace|release
2021-11-20 14:33:15,604|'k'|press
2021-11-20 14:33:15,702|'k'|release
2021-11-20 14:33:15,704|'a'|press
2021-11-20 14:33:15,791|'a'|release
2021-11-20 14:33:15,793|'i'|press
2021-11-20 14:33:15,851|'i'|release
2021-11-20 14:33:15,853|'s'|press
2021-11-20 14:33:15,912|'s'|release
2021-11-20 14:33:16,058|Key.shift|press
2021-11-20 14:33:16,150|Key.shift|release
2021-11-20 14:33:16,969|Key.space|press
2021-11-20 14:33:17,061|Key.space|release
2021-11-20 14:33:17,162|'n'|press
2021-11-20 14:33:17,254|'n'|release
2021-11-20 14:33:17,287|"'"|press
2021-11-20 14:33:17,379|"'"|release
2021-11-20 14:33:17,454|'é'|press
2021-11-20 14:33:17,581|'é'|release
2021-11-20 14:33:17,670|'t'|press
2021-11-20 14:33:17,762|'t'|release
2021-11-20 14:33:17,796|'i'|press
2021-11-20 14:33:17,826|'a'|press
2021-11-20 14:33:17,861|'i'|release
2021-11-20 14:33:17,922|'a'|release
2021-11-20 14:33:18,273|Key.backspace|press
2021-11-20 14:33:18,518|Key.backspace|release
2021-11-20 14:33:18,521|'a'|press
2021-11-20 14:33:18,648|'a'|release
2021-11-20 14:33:18,796|Key.backspace|press
2021-11-20 14:33:18,883|Key.backspace|release
2021-11-20 14:33:18,937|Key.backspace|press
2021-11-20 14:33:19,001|'a'|press
2021-11-20 14:33:19,063|Key.backspace|release
2021-11-20 14:33:19,091|'a'|release
2021-11-20 14:33:19,093|'i'|press
2021-11-20 14:33:19,185|'i'|release
2021-11-20 14:33:19,187|'t'|press
2021-11-20 14:33:19,276|'t'|release
2021-11-20 14:33:19,306|Key.space|press
2021-11-20 14:33:19,402|Key.space|release
2021-11-20 14:33:19,597|'q'|press
2021-11-20 14:33:19,690|'q'|release
2021-11-20 14:33:19,724|'u'|press
2021-11-20 14:33:19,786|'u'|release
2021-11-20 14:33:19,868|"'"|press
2021-11-20 14:33:19,958|"'"|release
2021-11-20 14:33:19,985|'u'|press
2021-11-20 14:33:20,080|'n'|press
2021-11-20 14:33:20,172|'u'|release
2021-11-20 14:33:20,173|Key.space|press
2021-11-20 14:33:20,235|'n'|release
2021-11-20 14:33:20,266|Key.space|release
2021-11-20 14:33:20,268|'c'|press
2021-11-20 14:33:20,329|'h'|press
2021-11-20 14:33:20,362|'c'|release
2021-11-20 14:33:20,420|'h'|release
2021-11-20 14:33:20,501|'i'|press
2021-11-20 14:33:20,590|'i'|release
2021-11-20 14:33:20,658|'e'|press
2021-11-20 14:33:20,751|'e'|release
2021-11-20 14:33:20,752|'n'|press
2021-11-20 14:33:20,846|'n'|release
2021-11-20 14:33:20,876|'s'|press
2021-11-20 14:33:20,910|'s'|release
2021-11-20 14:33:20,949|Key.space|press
2021-11-20 14:33:21,034|Key.space|release
2021-11-20 14:33:21,066|'d'|press
2021-11-20 14:33:21,158|'a'|press
2021-11-20 14:33:21,193|'d'|release
2021-11-20 14:33:21,221|'n'|press
2021-11-20 14:33:21,252|'a'|release
2021-11-20 14:33:21,285|'n'|release
2021-11-20 14:33:21,452|Key.backspace|press
2021-11-20 14:33:21,539|Key.backspace|release
2021-11-20 14:33:21,602|Key.backspace|press
2021-11-20 14:33:21,811|Key.backspace|release
2021-11-20 14:33:21,860|Key.backspace|press
2021-11-20 14:33:21,952|Key.backspace|release
2021-11-20 14:33:21,999|Key.backspace|press
2021-11-20 14:33:22,093|Key.backspace|release
2021-11-20 14:33:22,150|Key.backspace|press
2021-11-20 14:33:22,245|Key.backspace|release
2021-11-20 14:33:22,333|Key.space|press
2021-11-20 14:33:22,399|'d'|press
2021-11-20 14:33:22,430|Key.space|release
2021-11-20 14:33:22,492|'a'|press
2021-11-20 14:33:22,524|'d'|release
2021-11-20 14:33:22,556|'n'|press
2021-11-20 14:33:22,587|'a'|release
2021-11-20 14:33:22,651|'n'|release
2021-11-20 14:33:22,680|'s'|press
2021-11-20 14:33:22,742|'s'|release
2021-11-20 14:33:22,744|Key.space|press
2021-11-20 14:33:22,833|Key.space|release
2021-11-20 14:33:22,863|'u'|press
2021-11-20 14:33:22,960|'n'|press
2021-11-20 14:33:22,994|'u'|release
2021-11-20 14:33:23,024|Key.space|press
2021-11-20 14:33:23,057|'n'|release
2021-11-20 14:33:23,087|Key.space|release
2021-11-20 14:33:23,520|'f'|press
2021-11-20 14:33:23,610|'f'|release
2021-11-20 14:33:23,639|'o'|press
2021-11-20 14:33:23,704|'o'|release
2021-11-20 14:33:23,734|'e'|press
2021-11-20 14:33:23,856|'e'|release
2021-11-20 14:33:23,860|'y'|press
2021-11-20 14:33:23,919|'y'|release
2021-11-20 14:33:24,226|'r'|press
2021-11-20 14:33:24,320|'r'|release
2021-11-20 14:33:24,365|Key.space|press
2021-11-20 14:33:24,457|Key.space|release
2021-11-20 14:33:24,459|'d'|press
2021-11-20 14:33:24,520|'e'|press
2021-11-20 14:33:24,582|'d'|release
2021-11-20 14:33:24,615|'e'|release
2021-11-20 14:33:24,644|Key.space|press
2021-11-20 14:33:24,711|Key.space|release
2021-11-20 14:33:25,058|'d'|press
2021-11-20 14:33:25,119|'e'|press
2021-11-20 14:33:25,183|'d'|release
2021-11-20 14:33:25,215|'e'|release
2021-11-20 14:33:25,245|Key.space|press
2021-11-20 14:33:25,307|Key.space|release
2021-11-20 14:33:25,338|Key.shift|press
2021-11-20 14:33:25,428|'B'|press
2021-11-20 14:33:25,488|'B'|release
2021-11-20 14:33:25,520|Key.shift|release
2021-11-20 14:33:25,598|'r'|press
2021-11-20 14:33:25,691|'r'|release
2021-11-20 14:33:25,723|'a'|press
2021-11-20 14:33:25,817|'a'|release
2021-11-20 14:33:25,882|'z'|press
2021-11-20 14:33:25,944|'z'|release
2021-11-20 14:33:26,002|'z'|press
2021-11-20 14:33:26,061|'a'|press
2021-11-20 14:33:26,130|'z'|release
2021-11-20 14:33:26,188|'a'|release
2021-11-20 14:33:26,362|'v'|press
2021-11-20 14:33:26,485|'v'|release
2021-11-20 14:33:26,487|'i'|press
2021-11-20 14:33:26,578|'i'|release
2021-11-20 14:33:26,629|'l'|press
2021-11-20 14:33:26,721|'l'|release
2021-11-20 14:33:26,763|'l'|press
2021-11-20 14:33:26,859|'l'|release
2021-11-20 14:33:26,861|'e'|press
2021-11-20 14:33:26,918|'e'|release
2021-11-20 14:33:26,949|Key.shift|press
2021-11-20 14:33:27,042|'.'|press
2021-11-20 14:33:27,104|'.'|release
2021-11-20 14:33:27,137|Key.shift|release
2021-11-20 14:33:37,454|Key.backspace|press
2021-11-20 14:33:37,549|Key.backspace|release
